{
    "epoch": 11.76,
    "predict_accuracy": 0.997,
    "predict_bleu-4": 99.89746900000002,
    "predict_rouge-1": 99.9647799,
    "predict_rouge-2": 99.92352460000001,
    "predict_rouge-l": 99.9378991,
    "predict_runtime": 358.1152,
    "predict_samples": 1000,
    "predict_samples_per_second": 2.792,
    "predict_steps_per_second": 0.089,
    "train_loss": 0.08167707547545433,
    "train_runtime": 7180.2985,
    "train_samples": 4309,
    "train_samples_per_second": 7.131,
    "train_steps_per_second": 0.056
}